HOUSENAME,SIZE,SUBFREE,QUIET,MENS,WOMENS,NUMSUSED,AVGNUM,STDEV,HALL,ROOMNUM
NASN 100A,Quint,'','','','',1;1;1;1;1;1;1;1,1.0,0.0,Nason House,100A
JAME 202C,Quint,'','','','',2,2.0,0.0,James Hall,202C
PAGW 200C,Quint,'','','','',21;20,20.5,0.5,Page House West,200C
BURT 323,Single,'','','','',65;110;63;233;56;145;79;178;110;110;4,104.818181818,60.3246040289,Burton Hall,323
JAME 005C,Quint,'','','','',36;38;52;45;5,35.2,16.1170716943,James Hall,005C
OWNS 200A,Quint,'','','','',15;9;6,10.0,3.74165738677,Owens House,200A
JAME 201C,Quad,'','','','',53;7,30.0,23.0,James Hall,201C
JAME 103A,Quad,'','','','',40;8,24.0,16.0,James Hall,103A
HENR 203,,'','','','',9,9.0,0.0,Henrickson House,203
JAME 301A,Quad,'','','','',46;64;10,40.0,22.4499443206,James Hall,301A
JAME 004B,Quint,'','','','',39;11,25.0,14.0,James Hall,004B
HENR 202,,'','','','',12,12.0,0.0,Henrickson House,202
DAVI 314A,Quint,'','','','',29;16;30;28;22;61;13,28.4285714286,14.6273436985,Davis Hall,314A
JAME 405B,Quint,'','','','',63;51;14,42.6666666667,20.8539897595,James Hall,405B
HENR 109,,'','','','',15,15.0,0.0,Henrickson House,109
HILL 102,Triple,'','','','',188;196;260;273;161;155;216;201;118;215;16,181.727272727,67.4362876541,Hill House,102
JAME 401B,Quad,'','','','',68;17,42.5,25.5,James Hall,401B
DAVI 116A,Triple,'','','','',149;92;61;255;153;108;97;128;128;194;18,125.727272727,60.8576444875,Davis Hall,116A
HENR 13,,'','','','',19,19.0,0.0,Henrickson House,13
DAVI 304A,Quint,'','','','',30;26;31;39;51;34;41;50;20,35.7777777778,9.86326267608,Davis Hall,304A
JAME 304A,Quad,'','','','',21,21.0,0.0,James Hall,304A
JAME 101A,Quad,'','','','',57;59;22,46.0,16.9901932498,James Hall,101A
HILL 301,Quad,'','','','',60;178;178;250;145;198;155;127;91;193;23,145.272727273,63.0758431055,Hill House,301
SEVY 212A,Double,'','','','',33;34;38;45;33;99;46;24,44.0,21.8174242293,Severance Hall,212A
HILL 103,Triple,'','','','',208;215;263;417;178;343;210;305;202;216;25,234.727272727,95.8332746437,Hill House,103
HENR 204,,'','','','',26,26.0,0.0,Henrickson House,204
CASS 221,Double,'','','','',313;221;290;277;27,225.6,103.818302818,Cassat Hall,221
DAVI 309,Double,'','','','',150;298;285;96;93;100;140;135;28,147.222222222,84.2836187824,Davis Hall,309
SEVY 403B,Quad,'','','','',77;39;53;84;87;114;76;74;29,70.3333333333,24.612553256,Severance Hall,403B
JAME 403B,Quad,'','','','',63;74;72;30,59.75,17.6688284841,James Hall,403B
CASS 417,Single,'','','','',107;164;159;146;31,121.4,49.4230715355,Cassat Hall,417
HILL 101,Triple,'','','','',99;116;59;262;149;325;177;153;103;111;32,144.181818182,81.5907951379,Hill House,101
HENR 206,,'','','','',33,33.0,0.0,Henrickson House,206
WILS 201,Single,'','','','',45;30;52;106;63;113;38;82;120;42;34,65.9090909091,32.0608924774,Wilson House,201
CASS 301,Single,'','','','',102;85;172;138;35,106.4,46.641612322,Cassat Hall,301
BURT 223,Single,'','','','',95;74;37;114;46;144;143;120;36,89.8888888889,41.0188153154,Burton Hall,223
CASS 218,Single,'','','','',92;146;29;86;37,78.0,42.3461922727,Cassat Hall,218
SEVY 208B,Quad,'','','','',82;71;97;77;38,73.0,19.5038457746,Severance Hall,208B
SEVY 306A,Quad,'','','','',46;47;128;134;49;75;75;39,74.125,35.1441229084,Severance Hall,306A
DAVI 204C,Quint,'','','','',35;40,37.5,2.5,Davis Hall,204C
DAVI 214,Single,'','','','',56;41;101;72;80;99;172;41,82.75,40.136485895,Davis Hall,214
SEVY 214B,Quad,'','','','',126;148;102;116;83;154;42,110.142857143,36.0334311892,Severance Hall,214B
SEVY 304,Double,'','','','',54;35;52;47;79;73;107;132;129;43,75.1,34.039535837,Severance Hall,304
SEVY 307A,Triple,'','','','',31;38;44,37.6666666667,5.31245915017,Severance Hall,307A
CASS 327,Single,'','','','',83;89;142;45,89.75,34.5642517639,Cassat Hall,327
BURT 228,Single,'','','','',86;28;213;109;121;94;190;119;102;46,110.8,53.7788062344,Burton Hall,228
FACL 012A,Sextet,'','','','',113;498;81;184;151;72;47,163.714285714,143.311562973,Faculty Club,012A
WILS 203,Single,'','','','',33;28;100;76;55;30;24;86;240;47;48,69.7272727273,58.9130189487,Wilson House,203
NOUR 122,Triple,'','','','',49,49.0,0.0,Nourse Hall,122
SEVY 309A,Quad,'','','','',85;70;151;35;85;80;50,79.4285714286,34.045587685,Severance Hall,309A
ALLE 206,Single,'','','','',68;75;101;320;91;106;148;135;147;156;51,127.090909091,69.6542820526,Allen House,206
CASS 408,Single,'','','','',90;165;116;145;52,113.6,39.9629828717,Cassat Hall,408
CASS 203,Double,'','','','',244;238;191;276;53,200.4,78.5432365007,Cassat Hall,203
CASS 427,Single,'','','','',117;157;179;114;54,124.2,42.8084103886,Cassat Hall,427
CASS 201,Single,'','','','',108;79;150;137;55,105.8,35.3009914875,Cassat Hall,201
MYER 115A,Double,'','','','',32;167;84;279;252;323;152;139;174;91;56,159.0,89.2748564827,Myers Hall,115A
BURT 329,Single,'','','','',115;121;86;234;72;61;95;157;134;57,113.2,50.6553057438,Burton Hall,329
WILS 102,Single,'','','','',109;53;85;174;75;101;140;110;68;92;58,96.8181818182,34.4537059145,Wilson House,102
HILL 302,Double,'','','','',259;125;46;448;201;321;178;133;101;162;59,184.818181818,113.830670241,Hill House,302
SEVY 213,Single,'','','','',32;33;86;62;89;96;60,65.4285714286,24.2714243673,Severance Hall,213
FACL 204,Single,'','','','',75;268;116;95;304;288;280;237;61,191.555555556,96.2278674249,Faculty Club,204
BURT 211,Single,'','','','',69;42;97;185;59;142;96;172;142;107;62,106.636363636,45.7031383988,Burton Hall,211
CASS 308,Single,'','','','',37;102;80;104;63,77.2,25.134836383,Cassat Hall,308
CASS 227,Single,'','','','',86;115;139;103;64,101.4,25.4448423064,Cassat Hall,227
BURT 309,Single,'','','','',105;115;67;113;99;164;122;245;163;166;65,129.454545455,49.6540095174,Burton Hall,309
NOUR 107,Single,'','','','',41;50;124;211;125;156;212;66,123.125,63.305682012,Nourse Hall,107
CASS 217,Single,'','','','',69;113;123;115;67,97.4,24.2454119371,Cassat Hall,217
BURT 335,Single,'','','','',125;123;96;235;113;163;135;104;153;68,131.5,43.2255711356,Burton Hall,335
DAVI 308,Double,'','','','',32;167;33;139;69,88.0,55.4328422508,Davis Hall,308
NOUR 108,Single,'','','','',73;87;115;162;104;205;182;206;70,133.777777778,52.28081819,Nourse Hall,108
CASS 318,Single,'','','','',59;94;122;71,86.5,24.0468293128,Cassat Hall,318
CASS 106,Single,'','','','',62;126;152;72,103.0,37.322915213,Cassat Hall,106
DAVI 108,Double,'','','','',391;73,232.0,159.0,Davis Hall,108
NOUR 110,Single,'','','','',74;42;157;116;229;147;228;198;224;74,148.9,66.7254823887,Nourse Hall,110
CASS 418,Single,'','','','',94;100;126;75,98.75,18.2397231339,Cassat Hall,418
CASS 416,Single,'','','','',76,76.0,0.0,Cassat Hall,416
BURT 109,Single,'','','','',128;131;133;289;117;219;136;195;167;221;77,164.818181818,57.8160376961,Burton Hall,109
CASS 115,Single,'','','','',78,78.0,0.0,Cassat Hall,115
BURT 325B,Triple,'','','','',158;160;80;202;113;106;79,128.285714286,42.7842236802,Burton Hall,325B
ALLE 107A,Double,'','','','',70;316;228;399;49;409;123;218;390;80,228.2,136.390468875,Allen House,107A
CASS 129,Single,'','','','',96;432;81,203.0,162.043204115,Cassat Hall,129
CASS 401,Single,'','','','',66;112;153;82;82,99.0,30.8285581888,Cassat Hall,401
CASS 322,Double,'','','','',222;196;342;297;83,228.0,89.2658949431,Cassat Hall,322
BURT 305,Single,'','','','',136;98;95;57;101;210;171;159;201;144;84,132.363636364,47.356045457,Burton Hall,305
BURT 328,Single,'','','','',64;80;79;77;105;148;131;133;85,100.222222222,28.4205628914,Burton Hall,328
NOUR 307,Single,'','','','',72;48;110;48;78;40;145;155;145;132;86,96.2727272727,41.0301239869,Nourse Hall,307
BURT 208B,Triple,'','','','',87,87.0,0.0,Burton Hall,208B
BURT 313,Single,'','','','',119;49;94;172;80;69;124;154;164;88,111.3,39.9976249295,Burton Hall,313
HILL 208,Double,'','','','',160;181;90;346;144;545;335;140;258;190;89,225.272727273,130.77467847,Hill House,208
RICE 300C,Single,'','','','',94;129;147;300;96;395;172;169;184;258;90,184.909090909,91.892679049,Rice House,300C
DAVI 216A,Triple,'','','','',51;78;45;138;150;73;142;90;106;186;91,104.545454545,42.354271302,Davis Hall,216A
BURT 215,Single,'','','','',34;87;76;45;37;152;121;56;218;158;92,97.8181818182,55.9834686343,Burton Hall,215
BURT 421,Single,'','','','',82;115;93,96.6666666667,13.7194104182,Burton Hall,421
WATS 116,Triple,'','','','',146;41;146;269;62;336;168;188;136;167;94,159.363636364,81.3737423891,Watson Hall,116
NOUR 207,Single,'','','','',12;12;53;106;169;101;92;104;161;95,90.5,50.4167630853,Nourse Hall,207
NOUR 314,Single,'','','','',23;66;107;90;81;276;129;91;146;88;96,108.454545455,61.0385327423,Nourse Hall,314
NOUR 214,Single,'','','','',38;50;62;103;83;93;146;177;129;89;97,97.0,39.3723483956,Nourse Hall,214
RICE 300B,Single,'','','','',52;112;98;197;71;335;138;216;188;98,150.5,80.6675275436,Rice House,300B
BURT 205,Single,'','','','',112;101;49;205;94;185;164;124;154;123;99,128.181818182,43.0788245425,Burton Hall,205
BURT 227,Single,'','','','',101;83;74;99;40;103;113;141;161;124;100,103.545454545,31.0201214357,Burton Hall,227
NOUR 415,Single,'','','','',43;64;117;136;76;92;53;176;231;155;101,113.090909091,54.8194632746,Nourse Hall,415
MUSS 411,Single,'','','','',151;361;563;137;161;265;291;453;102,276.0,148.965320349,Musser Hall,411
NOUR 417,Double,'','','','',181;92;206;32;109;265;213;170;81;103,145.2,68.8473674152,Nourse Hall,417
ALLE 108,Single,'','','','',122;67;243;274;43;112;85;131;213;157;104,141.0,70.3368518436,Allen House,108
FACL 203,Single,'','','','',237;103;206;133;98;334;381;162;189;105,194.8,93.1362442876,Faculty Club,203
BURT 233,Single,'','','','',138;91;83;97;203;157;71;114;109;106,116.9,37.3883671748,Burton Hall,233
WATS 719,Single,'','','','',385;256;497;309;515;391;185;301;107,327.333333333,127.500762525,Watson Hall,719
BURT 331,Single,'','','','',159;97;43;156;87;215;139;162;160;147;108,133.909090909,44.5777248603,Burton Hall,331
BURT 113A,Triple,'','','','',117;72;56;149;111;273;181;170;177;187;109,145.636363636,58.4578678541,Burton Hall,113A
CASS 212,Double,'','','','',338;223;248;259;110,235.6,73.6494399164,Cassat Hall,212
WATS 209,Single,'','','','',100;342;119;229;400;213;120;289;378;111,230.1,110.725290697,Watson Hall,209
SEVY 209B,Quad,'','','','',47;61;348;78;84;112,121.666666667,103.199913867,Severance Hall,209B
WATS 619,Single,'','','','',287;246;559;400;570;408;328;275;355;113,354.1,132.236492694,Watson Hall,619
BURT 123,Single,'','','','',142;95;72;86;90;144;158;194;229;114,132.4,48.3160428843,Burton Hall,123
BURT 408,Single,'','','','',40;124;138;81;42;200;175;86;159;115,116.0,51.2952239492,Burton Hall,408
WATS 308,Single,'','','','',239;315;220;521;312;178;182;428;250;305;116,278.727272727,111.161709324,Watson Hall,308
BURT 129,Single,'','','','',131;149;126;170;160;117,142.166666667,18.9685412079,Burton Hall,129
ALLE 203,Single,'','','','',123;285;118,175.333333333,77.5729047771,Allen House,203
BURT 308A,Triple,'','','','',167;135;157;275;170;327;137;220;149;119,185.6,64.2451554594,Burton Hall,308A
WATS 318,Single,'','','','',272;330;231;504;390;447;390;387;238;120,330.9,109.60606735,Watson Hall,318
MYER 214,Single,'','','','',163;218;132;347;123;434;242;175;239;121,219.4,97.467122662,Myers Hall,214
WATS 215,Single,'','','','',87;331;271;408;208;527;295;306;122,283.888888889,128.338479935,Watson Hall,215
WATS 312,Single,'','','','',333;223;523;367;302;283;283;288;427;123,315.2,103.493767928,Watson Hall,312
BURT 418,Single,'','','','',194;106;127;152;100;290;243;174;169;143;124,165.636363636,55.6993107959,Burton Hall,418
MYER 414,Single,'','','','',96;93;177;168;299;148;125,158.0,65.0274667242,Myers Hall,414
CASS 312,Double,'','','','',224;234;333;302;126,243.8,71.7060666889,Cassat Hall,312
DAVI 114,Single,'','','','',81;173;92;64;55;43;100;127,91.875,39.5677820329,Davis Hall,114
BURT 103,Single,'','','','',182;123;218;98;242;217;167;169;128,171.555555556,45.9301670682,Burton Hall,103
MYER 434,Single,'','','','',183;129,156.0,27.0,Myers Hall,434
NOUR 15,Single,'','','','',130,130.0,0.0,Nourse Hall,15
WATS 615,Single,'','','','',393;269;241;506;298;493;233;396;414;131,337.4,115.781863865,Watson Hall,615
SEVY 312B,Quad,'','','','',103;177;132,137.333333333,30.4448499567,Severance Hall,312B
FACL 103,Single,'','','','',166;37;187;217;135;592;293;163;135;263;133,211.0,137.325757367,Faculty Club,103
DAVI 404A,Quint,'','','','',48;47;36;91;44;70;92;134,70.25,31.3558208312,Davis Hall,404A
DAVI 211,Quint,'','','','',160;159;294;117;135,173.0,62.5875386958,Davis Hall,211
BURT 121A,Triple,'','','','',156;145;119;285;160;184;278;207;136,185.555555556,56.7198007972,Burton Hall,121A
DIXN 100A,Triple,'','','','',21;23;28;19;26;137,42.3333333333,42.4408084539,Dixon House,100A
WATS 708,Single,'','','','',253;226;261;241;205;476;369;255;264;222;138,264.545454545,84.8906929649,Watson Hall,708
CASS 302,Double,'','','','',236;138;268;326;139,221.4,73.5815194189,Cassat Hall,302
NOUR 101A,Triple,'','','','',154;79;73;358;209;254;140,181.0,94.0516575384,Nourse Hall,101A
BURT 119,Triple,'','','','',145;68;167;272;186;332;229;192;183;223;141,194.363636364,66.8761035284,Burton Hall,119
NOUR 16,Single,'','','','',142,142.0,0.0,Nourse Hall,16
BURT 130A,Triple,'','','','',151;122;184;416;183;345;185;212;190;351;143,225.636363636,93.4201386964,Burton Hall,130A
BURT 226B,Triple,'','','','',271;110;89;144,153.5,70.6204644561,Burton Hall,226B
CASS 213,Double,'','','','',83;295;242;95;145,172.0,83.1961537573,Cassat Hall,213
DAVI 109,Double,'','','','',152;168;229;410;248;146,225.5,90.9097537855,Davis Hall,109
DAVI 110,Double,'','','','',230;93;234;425;286;147,235.833333333,105.380922794,Davis Hall,110
CASS 421,Double,'','','','',203;318;204;339;148,242.4,73.4645492738,Cassat Hall,421
HILL 206,Double,'','','','',214;192;83;349;68;421;212;209;422;233;149,232.0,114.554472949,Hill House,206
WATS 704,Single,'','','','',233;236;354;428;277;497;257;389;256;309;150,307.818181818,95.7447536486,Watson Hall,704
BURT 217A,Triple,'','','','',148;114;58;284;169;324;188;181;189;198;151,182.181818182,69.5411169176,Burton Hall,217A
BURT 312A,Double,'','','','',80;125;168;152,131.25,33.3419780457,Burton Hall,312A
EVAN 213,Quad,'','','','',153,153.0,0.0,Evans Hall,213
BURT 222,Double,'','','','',375;131;179;200;107;154,191.0,87.660329302,Burton Hall,222
BURT 414A,Triple,'','','','',156;78;141;130;353;310;97;118;155,170.888888889,89.7161504653,Burton Hall,414A
WATS 712,Single,'','','','',240;220;320;482;291;367;297;249;322;156,294.4,84.6229283351,Watson Hall,712
DAVI 312,Double,'','','','',227;157,192.0,35.0,Davis Hall,312
WATS 715,Single,'','','','',227;250;364;520;121;538;106;284;304;264;158,285.090909091,136.825339589,Watson Hall,715
EVAN 405,Double,'','','','',159,159.0,0.0,Evans Hall,405
RICE 203A,Quad,'','','','',336;303;258;115;283;579;340;214;251;367;160,291.454545455,116.816377772,Rice House,203A
BURT 235A,Triple,'','','','',57;109;69;268;164;338;192;339;109;168;161,179.454545455,93.6253303297,Burton Hall,235A
RICE 111A,Double,'','','','',50;304;75;148;58;413;263;443;360;282;162,232.545454545,135.617351824,Rice House,111A
DAVI 412,Double,'','','','',165;57;81;105;320;70;217;136;163,146.0,78.6483029414,Davis Hall,412
NOUR 103,Single,'','','','',78;60;130;89;188;130;89;180;178;164,128.6,45.0226609609,Nourse Hall,103
BURT 229A,Double,'','','','',108;165,136.5,28.5,Burton Hall,229A
MYER 333,Single,'','','','',228;86;242;330;126;319;156;297;265;240;166,223.181818182,76.5717942158,Myers Hall,333
NOUR 14,Single,'','','','',167,167.0,0.0,Nourse Hall,14
MYER 314,Single,'','','','',185;213;153;455;129;431;266;186;278;211;168,243.181818182,103.264724402,Myers Hall,314
PRSH 308,Double,'','','','',296;495;536;169,374.0,149.159310806,Parish House,308
WATS 218,Single,'','','','',283;343;384;253;532;355;272;292;208;170,309.2,96.7561884326,Watson Hall,218
DAVI 207,Double,'','','','',213;171,192.0,21.0,Davis Hall,207
WATS 702,Single,'','','','',243;266;212;424;260;299;383;253;172,279.111111111,75.0413877573,Watson Hall,702
WATS 508,Single,'','','','',290;260;200;556;403;487;279;366;402;423;173,349.0,113.962513773,Watson Hall,508
NOUR 306A,Double,'','','','',143;317;85;180;246;185;174,190.0,68.5357049803,Nourse Hall,306A
DAVI 406,Double,'','','','',441;175,308.0,133.0,Davis Hall,406
NOUR 17,Single,'','','','',176,176.0,0.0,Nourse Hall,17
MYER 233,Single,'','','','',132;137;183;148;339;254;261;177,203.875,68.8774954176,Myers Hall,233
WATS 616,Single,'','','','',307;203;384;554;335;591;198;390;203;278;178,329.181818182,135.126081314,Watson Hall,616
HILL 201,Triple,'','','','',204;198;30;291;146;334;312;230;102;236;179,205.636363636,86.6070254627,Hill House,201
WATS 305,Single,'','','','',92;341;214;438;213;467;311;193;317;284;180,277.272727273,107.735442728,Watson Hall,305
WATS 311,Single,'','','','',164;255;198;501;220;490;286;283;402;181,298.0,117.828689206,Watson Hall,311
BURT 212A,Double,'','','','',197;182,189.5,7.5,Burton Hall,212A
CASS 204,Double,'','','','',346;81;301;249;183,232.0,93.0032257505,Cassat Hall,204
WATS 202,Single,'','','','',287;323;237;387;249;439;362;183;303;272;184,293.272727273,77.1316358973,Watson Hall,202
MYER 313,Single,'','','','',163;274;266;185,222.0,48.7083155118,Myers Hall,313
MUSS 327,Single,'','','','',298;122;239;231;386;173;259;294;310;186,249.8,73.0120537994,Musser Hall,327
WATS 511,Single,'','','','',351;278;218;372;232;491;275;237;262;187,290.3,86.0023836879,Watson Hall,511
RICE 300A,Single,'','','','',175;99;103;195;67;428;150;205;200;188,181.0,94.3355712338,Rice House,300A
BURT 319A,Double,'','','','',253;189,221.0,32.0,Burton Hall,319A
BURT 131A,Triple,'','','','',364;190,277.0,87.0,Burton Hall,131A
GHUE 402,Single,'','','','',368;246;385;394;193;596;402;313;374;257;191,338.090909091,111.389941235,Goodhue Hall,402
WATS 609,Single,'','','','',113;244;549;171;471;296;277;486;287;192,308.6,138.644293067,Watson Hall,609
PRSH 203A,Triple,'','','','',456;193,324.5,131.5,Parish House,203A
BURT 209A,Double,'','','','',176;132;72;236;125;314;194,178.428571429,73.9495139419,Burton Hall,209A
EVAN 402,Double,'','','','',279;195,237.0,42.0,Evans Hall,402
CASS 220,Double,'','','','',306;323;226;280;196,266.2,48.0516388898,Cassat Hall,220
NOUR 203A,Triple,'','','','',83;132;182;426;196;373;186;197;222;323;197,228.818181818,98.3267448883,Nourse Hall,203A
WATS 301,Single,'','','','',241;224;480;198,285.75,113.190933824,Watson Hall,301
CASS 226,Double,'','','','',315;248;349;333;199,288.8,56.5558131406,Cassat Hall,226
FACL 101,Single,'','','','',180;119;209;198;162;604;440;398;237;140;200,262.454545455,144.779684434,Faculty Club,101
DAVI 307,Double,'','','','',261;201,231.0,30.0,Davis Hall,307
WATS 604,Single,'','','','',118;281;330;516;210;569;305;391;307;202,322.9,131.99124971,Watson Hall,604
WATS 611,Single,'','','','',395;245;233;444;262;528;227;203,317.125,113.520303801,Watson Hall,611
FACL 202,Single,'','','','',143;326;328;219;354;270;437;79;204,262.222222222,105.655391383,Faculty Club,202
FACL 104,Single,'','','','',184;126;387;93;330;215;276;454;205,252.222222222,113.062202917,Faculty Club,104
WATS 211,Single,'','','','',121;302;193;303;290;363;264;324;298;173;206,257.909090909,70.6623913671,Watson Hall,211
CASS 403,Double,'','','','',356;301;244;336;207,288.8,55.8404871039,Cassat Hall,403
WATS 605,Single,'','','','',248;277;290;481;261;555;232;344;218;208,311.4,110.945211704,Watson Hall,605
NOUR 106A,Double,'','','','',71;179;70;290;174;189;187;209,171.125,67.5082170924,Nourse Hall,106A
WATS 302,Single,'','','','',381;310;286;405;530;443;216;318;255;210,335.4,98.0838416866,Watson Hall,302
WATS 309,Single,'','','','',203;340;164;386;216;385;240;281;260;211,268.6,74.0299939214,Watson Hall,309
CASS 313,Double,'','','','',251;282;226;212,242.75,26.6211851727,Cassat Hall,313
CASS 328,Double,'','','','',260;214;324;213,252.75,45.3065944428,Cassat Hall,328
DAVI 209,Double,'','','','',180;301;158;279;214,226.4,55.3483513756,Davis Hall,209
WATS 512,Single,'','','','',251;270;185;551;248;458;361;250;279;313;215,307.363636364,104.731060538,Watson Hall,512
NOUR 304A,Double,'','','','',66;55;225;436;206;161;211;251;243;205;216,206.818181818,95.9164581401,Nourse Hall,304A
CASS 426,Double,'','','','',154;331;340;217,260.5,78.3022988168,Cassat Hall,426
DAVI 407,Double,'','','','',349;218,283.5,65.5,Davis Hall,407
WATS 608,Single,'','','','',399;171;381;538;241;475;294;287;485;281;219,342.818181818,114.787406802,Watson Hall,608
DAVI 210,Double,'','','','',365;220,292.5,72.5,Davis Hall,210
NOUR 216,Triple,'','','','',155;186;166;278;189;451;199;199;211;182;221,221.545454545,78.8351140458,Nourse Hall,216
WATS 505,Single,'','','','',254;263;544;564;180;415;166;397;323;252;222,325.454545455,131.251572206,Watson Hall,505
BURT 406,Double,'','','','',262;176;267;483;374;334;356;214;223,298.777777778,90.9685877137,Burton Hall,406
EVAN 309,Double,'','','','',224,224.0,0.0,Evans Hall,309
NOUR 407A,Double,'','','','',76;118;89;351;141;426;254;244;330;238;225,226.545454545,107.808216618,Nourse Hall,407A
MUSS 211,Single,'','','','',248;382;522;166;247;153;241;324;251;226,276.0,103.566403819,Musser Hall,211
CASS 309,Double,'','','','',221;331;321;227,275.0,51.1663952219,Cassat Hall,309
BURT 125A,Double,'','','','',217;228,222.5,5.5,Burton Hall,125A
DAVI 408,Double,'','','','',357;229,293.0,64.0,Davis Hall,408
WATS 518,Single,'','','','',376;275;368;534;345;586;414;350;363;230,384.1,101.606545065,Watson Hall,518
PRSH 204,Double,'','','','',450;231,340.5,109.5,Parish House,204
WATS 711,Single,'','','','',215;202;172;402;187;422;205;230;250;232,251.7,83.0602793157,Watson Hall,711
PRSH 210A,Triple,'','','','',287;217;233,245.666666667,29.9481032603,Parish House,210A
GHUE 202,Single,'','','','',273;143;380;281;207;461;380;182;309;220;234,279.090909091,91.9787075612,Goodhue Hall,202
MUSS 227,Single,'','','','',142;476;154;308;267;255;235,262.428571429,103.356328361,Musser Hall,227
WATS 709,Single,'','','','',256;238;210;324;192;261;218;224;292;236,245.1,37.630971287,Watson Hall,709
MUSS 427,Single,'','','','',207;137;302;155;365;286;219;270;244;237,242.2,64.6727144938,Musser Hall,427
MUSS 328,Single,'','','','',301;237;207;352;160;293;315;196;238,255.444444444,59.6193687974,Musser Hall,328
WATS 502,Single,'','','','',341;280;342;545;398;463;353;406;408;230;239,364.090909091,90.044892385,Watson Hall,502
NOUR 301A,Triple,'','','','',161;172;174;413;212;379;214;191;193;209;240,232.545454545,80.2783381134,Nourse Hall,301A
WATS 201,Single,'','','','',252;288;358;441;241,316.0,74.6913649628,Watson Hall,201
WATS 408,Single,'','','','',331;214;112;334;233;268;417;296;371;242,281.8,83.1670607873,Watson Hall,408
MUSS 414,Single,'','','','',159;207;314;308;399;243,271.666666667,78.5528838144,Musser Hall,414
WATS 205,Single,'','','','',186;243;121;179;372;250;207;277;362;244,244.1,74.51234797,Watson Hall,205
WATS 602,Single,'','','','',397;191;370;552;327;581;219;368;413;288;245,359.181818182,119.840665569,Watson Hall,602
WATS 304,Single,'','','','',191;339;226;297;167;437;330;222;283;246,273.8,76.5960834508,Watson Hall,304
EVAN 313,Quad,'','','','',247,247.0,0.0,Evans Hall,313
WATS 219,Single,'','','','',384;345;337;268;568;385;240;311;248,342.888888889,94.5121326068,Watson Hall,219
WATS 409,Single,'','','','',217;259;136;370;218;453;282;217;293;249,269.4,84.2605483011,Watson Hall,409
WATS 716,Single,'','','','',238;140;149;318;184;454;290;245;268;250,253.6,86.5219047409,Watson Hall,716
WATS 204,Single,'','','','',258;314;329;560;52;230;295;266;251,283.888888889,123.85066675,Watson Hall,204
WATS 509,Single,'','','','',345;276;120;377;228;575;399;227;487;289;252,325.0,123.357573375,Watson Hall,509
WATS 319,Single,'','','','',388;39;374;486;250;522;445;224;482;291;253,341.272727273,138.563468168,Watson Hall,319
WATS 415,Single,'','','','',249;311;128;369;263;533;320;349;382;254,315.8,100.930471117,Watson Hall,415
CASS 228,Double,'','','','',327;255,291.0,36.0,Cassat Hall,228
WATS 618,Single,'','','','',265;378;447;343;546;256;392;239;299;256,342.1,94.6662030505,Watson Hall,618
WATS 411,Single,'','','','',234;240;211;540;125;472;239;291;316;322;257,295.181818182,112.743327303,Watson Hall,411
WATS 208,Single,'','','','',98;358;177;380;234;223;260;293;350;258,263.1,82.6310474338,Watson Hall,208
WATS 216,Single,'','','','',89;293;238;176;238;265;231;346;361;417;259,264.818181818,85.9236639876,Watson Hall,216
WATS 718,Single,'','','','',223;235;414;211;483;275;227;210;260,282.0,92.675059572,Watson Hall,718
GHUE 208,Single,'','','','',107;244;192;472;224;259;298;310;312;261,267.9,89.752381584,Goodhue Hall,208
GHUE 319,Single,'','','','',179;327;221;383;563;248;425;308;294;262,321.0,106.363527583,Goodhue Hall,319
WATS 515,Single,'','','','',196;271;321;315;303;382;197;296;305;398;263,295.181818182,60.6207557942,Watson Hall,515
WATS 516,Single,'','','','',370;201;283;342;452;404;302;290;264,323.111111111,72.4698319524,Watson Hall,516
WATS 504,Single,'','','','',387;279;104;511;256;513;298;281;434;242;265,324.545454545,118.526839029,Watson Hall,504
MUSS 311,Single,'','','','',190;136;281;289;221;256;266,234.142857143,51.340400609,Musser Hall,311
WATS 412,Single,'','','','',229;182;222;546;381;401;276;319;429;267,325.2,107.071751643,Watson Hall,412
EVAN 407,Double,'','','','',268,268.0,0.0,Evans Hall,407
WATS 405,Single,'','','','',319;251;130;464;282;583;270;225;386;377;269,323.272727273,118.25403388,Watson Hall,405
EVAN 300,Triple,'','','','',270,270.0,0.0,Evans Hall,300
EVAN 316,Triple,'','','','',271,271.0,0.0,Evans Hall,316
BURT 126A,Double,'','','','',488;181;345;265;272,310.2,102.974559965,Burton Hall,126A
DAVI 106,Double,'','','','',440;273,356.5,83.5,Davis Hall,106
WATS 416,Single,'','','','',213;225;337;557;478;241;292;260;436;274,331.3,112.612654706,Watson Hall,416
EVAN 403,Triple,'','','','',211;296;409;288;509;347;416;275,343.875,89.8143049575,Evans Hall,403
EVAN 7,Double,'','','','',276,276.0,0.0,Evans Hall,7
EVAN 216,Triple,'','','','',277,277.0,0.0,Evans Hall,216
EVAN 10,Quad,'','','','',278,278.0,0.0,Evans Hall,10
EVAN 200,Triple,'','','','',279,279.0,0.0,Evans Hall,200
EVAN 314,Quad,'','','','',280,280.0,0.0,Evans Hall,314
BURT 302A,Triple,'','','','',174;142;163;307;195;173;194;226;187;128;281,197.272727273,52.3590591434,Burton Hall,302A
CASS 209,Double,'','','','',304;282,293.0,11.0,Cassat Hall,209
MYER 404,Double,'','','','',153;193;273;467;215;369;304;333;357;343;283,299.090909091,85.3574884029,Myers Hall,404
EVAN 214,Quad,'','','','',284,284.0,0.0,Evans Hall,214
NOUR 309A,Double,'','','','',19;65;236;159;361;206;229;329;195;285,208.4,101.954107323,Nourse Hall,309A
WATS 717,Double,'','','','',286,286.0,0.0,Watson Hall,717
BURT 301A,Triple,'','','','',176;161;165;263;276;331;200;194;192;245;287,226.363636364,54.1685462696,Burton Hall,301A
EVAN 406,Quint,'','','','',292;355;346;471;293;547;364;351;426;288,373.3,80.3069735453,Evans Hall,406
DAVI 306,Double,'','','','',269;289,279.0,10.0,Davis Hall,306
EVAN 303,Triple,'','','','',235;258;290,261.0,22.5536397654,Evans Hall,303
DAVI 107,Double,'','','','',347;291,319.0,28.0,Davis Hall,107
EVAN 122,Triple,'','','','',292,292.0,0.0,Evans Hall,122
EVAN 17,Quad,'','','','',293,293.0,0.0,Evans Hall,17
EVAN 307,Triple,'','','','',294,294.0,0.0,Evans Hall,307
CASS 207,Double,'','','','',323;326;351;332;295,325.4,18.0510387513,Cassat Hall,207
EVAN 212,Double,'','','','',296,296.0,0.0,Evans Hall,212
EVAN 5,Quad,'','','','',297,297.0,0.0,Evans Hall,5
EVAN 415,Triple,'','','','',298,298.0,0.0,Evans Hall,415
BURT 409,Double,'','','','',297;163;53;329;225;226;416;334;299,260.222222222,101.160793655,Burton Hall,409
NOUR 208A,Triple,'','','','',111;174;197;427;202;389;204;312;206;318;300,258.181818182,93.0022660348,Nourse Hall,208A
EVAN 118,Double,'','','','',301,301.0,0.0,Evans Hall,118
MYER 445,Double,'','','','',264;257;280;331;191;384;324;329;368;345;302,306.818181818,53.0879513497,Myers Hall,445
PRSH 213,Double,'','','','',303,303.0,0.0,Parish House,213
NOUR 201A,Triple,'','','','',123;177;124;322;185;351;143;195;315;304,223.9,84.7035418386,Nourse Hall,201A
EVAN 11,Double,'','','','',305,305.0,0.0,Evans Hall,11
WATS 418,Single,'','','','',335;261;542;565;377;418;255;328;449;306,383.6,103.220346831,Watson Hall,418
GHUE 216,Double,'','','','',332;365;318;478;614;428;417;412;307,407.888888889,90.5286258526,Goodhue Hall,216
MYER 406,Double,'','','','',302;531;411;309;346;382;308,369.857142857,76.074077754,Myers Hall,406
EVAN 207,Triple,'','','','',309,309.0,0.0,Evans Hall,207
EVAN 111,Quad,'','','','',31;134;188;503;354;375;167;449;452;310,296.3,150.056022871,Evans Hall,111
EVAN 308,Double,'','','','',311,311.0,0.0,Evans Hall,308
NOUR 206A,Double,'','','','',45;57;264;136;171;180;312,166.428571429,91.4656174946,Nourse Hall,206A
EVAN 211,Quad,'','','','',313,313.0,0.0,Evans Hall,211
EVAN 209,Double,'','','','',314,314.0,0.0,Evans Hall,209
EVAN 312,Double,'','','','',315,315.0,0.0,Evans Hall,312
WATS 607,Double,'','','','',316,316.0,0.0,Watson Hall,607
EVAN 204,Triple,'','','','',285;239;284;430;284;506;319;367;350;317,338.1,75.4432899601,Evans Hall,204
WATS 710,Double,'','','','',411;318,364.5,46.5,Watson Hall,710
WATS 410,Double,'','','','',401;319,360.0,41.0,Watson Hall,410
RICE 204A,Triple,'','','','',197;221;281;374;356;187;421;199;203;320,275.9,82.1187554704,Rice House,204A
BURT 106A,Double,'','','','',152;347;201;197;358;321,262.666666667,81.6142689049,Burton Hall,106A
GHUE 309,Double,'','','','',296;322;286;465;310;564;367;407;381;451;322,379.181818182,82.3151573161,Goodhue Hall,309
MYER 401,Double,'','','','',269;446;295;438;327;355;306;353;323,345.777777778,57.3619652882,Myers Hall,401
MUSS 426,Double,'','','','',320;338;606;316;376;458;408;324,393.25,92.9727782741,Musser Hall,426
WATS 417,Double,'','','','',325,325.0,0.0,Watson Hall,417
BURT 110A,Double,'','','','',189;84;44;100;136;71;191;314;225;379;326,187.181818182,108.066324905,Burton Hall,110A
ALLE 207,Double,'','','','',396;289;366;331;589;415;165;181;327,339.888888889,120.275096198,Allen House,207
EVAN 412,Quad,'','','','',328,328.0,0.0,Evans Hall,412
GHUE 218,Double,'','','','',361;329,345.0,16.0,Goodhue Hall,218
MUSS 428,Single,'','','','',266;189;213;340;128;300;393;272;316;330,274.7,75.1119830653,Musser Hall,428
WATS 307,Double,'','','','',331,331.0,0.0,Watson Hall,307
MUSS 303,Double,'','','','',315;367;494;373;593;467;415;332,419.5,87.6241975712,Musser Hall,303
EVAN 18,Triple,'','','','',333,333.0,0.0,Evans Hall,18
EVAN 208,Double,'','','','',334,334.0,0.0,Evans Hall,208
GHUE 408,Single,'','','','',225;267;232;348;236;455;274;448;327;393;335,321.818181818,79.6067815542,Goodhue Hall,408
MYER 438,Double,'','','','',275;320;299;453;243;337;344;358;373;372;336,337.272727273,52.9838584495,Myers Hall,438
MUSS 208,Double,'','','','',359;401;332;531;624;420;429;483;337,435.111111111,91.0719428004,Musser Hall,208
MYER 211,Double,'','','','',307;300;454;348;363;394;421;338,365.625,50.6283949479,Myers Hall,211
BURT 417,Double,'','','','',338;205;327;510;120;391;421;271;352;375;339,331.727272727,100.10820592,Burton Hall,417
WATS 610,Double,'','','','',340,340.0,0.0,Watson Hall,610
EVAN 400,Triple,'','','','',341,341.0,0.0,Evans Hall,400
WATS 510,Double,'','','','',416;342,379.0,37.0,Watson Hall,510
EVAN 304,Triple,'','','','',210;285;285;432;280;523;325;353;274;343,331.0,85.1187405922,Evans Hall,304
MYER 408,Double,'','','','',288;197;278;458;246;404;291;370;356;344,323.2,73.8942487613,Myers Hall,408
MYER 446,Double,'','','','',224;231;316;307;507;372;307;335;368;345,331.2,75.5404527389,Myers Hall,446
EVAN 413,Triple,'','','','',346,346.0,0.0,Evans Hall,413
MYER 206,Double,'','','','',348;525;352;520;287;388;446;407;347,402.222222222,76.6489512544,Myers Hall,206
GHUE 409,Double,'','','','',281;325;270;475;325;557;371;391;384;373;348,372.727272727,79.2086897312,Goodhue Hall,409
MYER 241,Double,'','','','',244;329;312;512;269;576;388;356;383;467;349,380.454545455,96.7934667558,Myers Hall,241
GHUE 419,Single,'','','','',361;292;240;245;349;602;436;279;415;241;350,346.363636364,103.79724355,Goodhue Hall,419
GHUE 403,Double,'','','','',381;351,366.0,15.0,Goodhue Hall,403
EVAN 311,Quad,'','','','',352,352.0,0.0,Evans Hall,311
BURT 401,Double,'','','','',211;208;309;434;227;371;387;344;353;338;353,321.363636364,71.565955247,Burton Hall,401
MYER 341,Double,'','','','',286;328;367;484;347;553;424;372;405;384;354,391.272727273,71.0071582936,Myers Hall,341
NOUR 303A,Triple,'','','','',127;183;419;209;420;238;343;196;171;355,266.1,102.539212012,Nourse Hall,303A
RICE 105A,Double,'','','','',326;180;155;346;311;478;374;356,315.75,97.8835404958,Rice House,105A
MYER 301,Double,'','','','',373;290;365;490;311;535;393;365;380;388;357,386.090909091,67.311291158,Myers Hall,301
MYER 236,Double,'','','','',289;493;377;409;385;358,385.166666667,60.8944898073,Myers Hall,236
MYER 302,Double,'','','','',295;359;302;498;346;550;357;369;406;386;359,384.272727273,73.442730823,Myers Hall,302
EVAN 108,Triple,'','','','',360,360.0,0.0,Evans Hall,108
MUSS 424,Double,'','','','',404;361,382.5,21.5,Musser Hall,424
MUSS 420,Double,'','','','',426;362,394.0,32.0,Musser Hall,420
GHUE 219,Single,'','','','',146;343;326;251;525;415;171;412;247;363,319.9,111.577282634,Goodhue Hall,219
EVAN 106,Triple,'','','','',364,364.0,0.0,Evans Hall,106
MYER 336,Double,'','','','',294;255;329;376;364;365,330.5,43.6224330668,Myers Hall,336
GHUE 318,Double,'','','','',387;366,376.5,10.5,Goodhue Hall,318
MYER 203,Double,'','','','',278;344;79;519;375;605;407;375;403;437;367,380.818181818,126.837632917,Myers Hall,203
GHUE 303,Double,'','','','',321;368,344.5,23.5,Goodhue Hall,303
MYER 242,Double,'','','','',308;534;285;382;407;410;369,385.0,75.1227566815,Myers Hall,242
GHUE 445,Double,'','','','',318;393;553;386;619;414;398;438;370,432.111111111,89.195720431,Goodhue Hall,445
MYER 208,Double,'','','','',308;274;524;299;599;398;394;371;371,393.111111111,100.450589783,Myers Hall,208
GHUE 442,Double,'','','','',364;323;389;612;406;437;444;466;372,423.666666667,78.6906743028,Goodhue Hall,442
GHUE 418,Double,'','','','',380;373,376.5,3.5,Goodhue Hall,418
GHUE 115,Double,'','','','',343;384;331;547;350;572;439;447;452;374,423.9,79.5970476839,Goodhue Hall,115
MUSS 313,Double,'','','','',338;527;336;551;435;481;389;375,429.0,78.0016025476,Musser Hall,313
GHUE 203,Double,'','','','',348;376,362.0,14.0,Goodhue Hall,203
MYER 308,Double,'','','','',324;413;371;404;377,377.8,31.1987179224,Myers Hall,308
MYER 243,Double,'','','','',378;258;350;539;358;529;394;380;375;352;378,390.090909091,76.0639139689,Myers Hall,243
GHUE 405,Double,'','','','',314;326;297;555;401;401;376;379,381.125,75.5603029044,Goodhue Hall,405
GHUE 104,Double,'','','','',334;363;314;529;383;613;426;441;433;445;380,423.727272727,82.6263120199,Goodhue Hall,104
MUSS 225,Double,'','','','',299;376;548;488;381,418.4,88.4230739117,Musser Hall,225
EVAN 109,Triple,'','','','',90;169;108;401;394;574;289;435;382,315.777777778,154.584588694,Evans Hall,109
FACL 200,Double,'','','','',383;383;310;502;607;352;427;473;319;383,413.9,86.7242180708,Faculty Club,200
FACL 105,Double,'','','','',398;544;397;411;476;406;384,430.857142857,53.8156338714,Faculty Club,105
MYER 201,Double,'','','','',380;362;303;537;360;554;438;360;387;392;385,405.272727273,72.947167568,Myers Hall,201
GHUE 314,Double,'','','','',311;337;294;536;334;597;386;408;385;400;386,397.636363636,88.1148761842,Goodhue Hall,314
GHUE 223,Double,'','','','',310;400;584;446;393;460;387,425.714285714,78.6142740323,Goodhue Hall,223
MUSS 326,Double,'','','','',328;352;456;382;577;432;423;475;434;388,424.7,66.8237233324,Musser Hall,326
MUSS 317,Double,'','','','',351;399;400;460;435;389,405.666666667,34.5333976833,Musser Hall,317
MUSS 401,Double,'','','','',300;388;360;526;361;587;375;404;479;456;390,420.545454545,79.5354279395,Musser Hall,401
GHUE 235,Double,'','','','',360;395;359;399;424;391,388.0,22.7303028283,Goodhue Hall,235
GHUE 441,Double,'','','','',357;396;386;391;418;443;430;392,401.625,25.6365827481,Goodhue Hall,441
FACL 100,Double,'','','','',377;381;283;513;617;364;466;418;393,423.555555556,91.5716005358,Faculty Club,100
GHUE 415,Double,'','','','',284;371;335;487;395;395;399;420;394,386.666666667,52.6814325292,Goodhue Hall,415
GHUE 207,Double,'','','','',349;514;365;571;374;409;421;425;395,424.777777778,68.6258418734,Goodhue Hall,207
GHUE 310,'','','','','',277;350;272;348;543;366;383;336,359.375,78.6637424421,Goodhue Hall,310
GHUE 317,'','','','','',390,390.0,0.0,Goodhue Hall,317
GHUE 316,'','','','','',368;558;366;594,471.5,105.274640821,Goodhue Hall,316
GHUE 315,'','','','','',279;364;311;517;337;548;403;403;388;428,397.8,80.1982543451,Goodhue Hall,315
OWNS 100C,'','','','','',19;17;15,17.0,1.63299316186,Owens House,100C
OWNS 100B,'','','','','',24,24.0,0.0,Owens House,100B
OWNS 100A,'','','','','',18;9;14;13;21;31,17.6666666667,7.06320670014,Owens House,100A
EVAN 209A,'','','','','',268;291;251;422;287;368;301;282;326,310.666666667,50.7280330127,Evans Hall,209A
PRSH 309,'','','','','',185;470,327.5,142.5,Parish House,309
SEVY 208A,'','','','','',46;87;108;102;66;70,79.8333333333,21.4819045297,Severance Hall,208A
NOUR 215,'','','','','',21,21.0,0.0,Nourse Hall,215
NOUR 217,'','','','','',28;184;186;270,167.0,87.4356906532,Nourse Hall,217
COLR 300A,'','','','','',8;15;13;12;14;16,13.0,2.58198889747,Collier House,300A
COLR 300B,'','','','','',10;10;17,12.3333333333,3.29983164554,Collier House,300B
COLR 300C,'','','','','',8,8.0,0.0,Collier House,300C
ALLE 201,'','','','','',111;241,176.0,65.0,Allen House,201
BURT 330A,'','','','','',169;162;194;276;36;270;196;215;138;219,187.5,65.4954196872,Burton Hall,330A
CASS 407,'','','','','',245;234,239.5,5.5,Cassat Hall,407
CASS 404,'','','','','',247;320;219;328,278.5,46.6502947472,Cassat Hall,404
CASS 405,'','','','','',273;233;210;342,264.5,50.1023951523,Cassat Hall,405
BURT 108,'','','','','',85;115;260;57,129.25,78.225235698,Burton Hall,108
DAVI 104A,'','','','','',44;29;24;78;90;88;112,66.4285714286,31.4772350522,Davis Hall,104A
DAVI 104B,'','','','','',65;73,69.0,4.0,Davis Hall,104B
DAVI 104C,'','','','','',37,37.0,0.0,Davis Hall,104C
NOUR 105,'','','','','',285;178;131,198.0,64.4411876572,Nourse Hall,105
COLR 200C,'','','','','',7,7.0,0.0,Collier House,200C
CASS 214,'','','','','',156,156.0,0.0,Cassat Hall,214
PRSH 302,'','','','','',157;341,249.0,92.0,Parish House,302
ALLE 204A,'','','','','',272;91;364;112;42;115;97,156.142857143,107.596373507,Allen House,204A
JAME 205C,'','','','','',21,21.0,0.0,James Hall,205C
ALLE 204B,'','','','','',39;93,66.0,27.0,Allen House,204B
ALLE 102,'','','','','',108;234;363;54;60;170;143;173;252;170,172.7,88.3934952358,Allen House,102
ALLE 101,'','','','','',103;152;168;51;50;187;141;152;263;165,143.2,60.2690633742,Allen House,101
HILL 205,'','','','','',371,371.0,0.0,Hill House,205
WATS 402,'','','','','',245;262;298;528;221;561;418;335;432;329,362.9,111.65522827,Watson Hall,402
GHUE 228,'','','','','',358;389;353;379;444;441;461,403.571428571,41.0291086316,Goodhue Hall,228
BURT 206,'','','','','',97;61;129;110;69;39;111;137;124;87,96.4,30.4276190327,Burton Hall,206
CASS 112,'','','','','',131;204;345,226.666666667,88.8231701503,Cassat Hall,112
EVAN 411A,'','','','','',265;300;249;360;156;333;234;267;313,275.222222222,57.0959772426,Evans Hall,411A
EVAN 009,'','','','','',204;140;469;393;429;378;429,348.857142857,116.301859181,Evans Hall,009
BURT 226A,'','','','','',110;139;158;150;232;117;149,150.714285714,37.0239856067,Burton Hall,226A
EVAN 005,'','','','','',232;48;188;450;333;423,279.0,139.489545606,Evans Hall,005
EVAN 007,'','','','','',199;199;376;468;389;420,341.833333333,105.05778833,Evans Hall,007
DOWH 200A,'','','','','',2,2.0,0.0,Dow House,200A
DOWH 200C,'','','','','',4;7,5.5,1.5,Dow House,200C
CASS 311,'','','','','',335,335.0,0.0,Cassat Hall,311
DOWH 200D,'','','','','',10;7;11;18;11;16;8,11.5714285714,3.73619909446,Dow House,200D
MYER 436,'','','','','',171;230;301;440;301;425;348;369;344,325.444444444,81.6103358257,Myers Hall,436
GHUE 217,'','','','','',226,226.0,0.0,Goodhue Hall,217
GHUE 214,'','','','','',323;353;341;477;370;616;416;418;465,419.888888889,85.8609268843,Goodhue Hall,214
GHUE 215,'','','','','',330;375,352.5,22.5,Goodhue Hall,215
MYER 433,'','','','','',137;105;118;296;172;151;247;215;234,186.111111111,61.4391197211,Myers Hall,433
GHUE 210,'','','','','',267;336;466;323;539,386.2,100.437841474,Goodhue Hall,210
DAVI 112,'','','','','',184,184.0,0.0,Davis Hall,112
JAME 402A,'','','','','',27,27.0,0.0,James Hall,402A
JAME 402C,'','','','','',28,28.0,0.0,James Hall,402C
BRKS 100B,'','','','','',22;23;34,26.3333333333,5.43650214343,Brooks,100B
SCOT 200B,'','','','','',55;4;4,21.0,24.0416305603,Scott House,200B
SCOT 200A,'','','','','',3;5;9;12,7.25,3.49106001094,Scott House,200A
WATS 705,'','','','','',367;241;306;460;486;427;472;267,378.25,90.8429276279,Watson Hall,705
WATS 701,'','','','','',216;387;132,245.0,106.103722838,Watson Hall,701
WATS 703,'','','','','',403,403.0,0.0,Watson Hall,703
GHUE 102,'','','','','',350;404;362;392;610;412;450;431,426.375,75.9637043265,Goodhue Hall,102
GHUE 106,'','','','','',321;370;356;578,406.25,100.753101689,Goodhue Hall,106
EVAN 210A,'','','','','',200;210;307;462;182;444;359;239;358,306.777777778,99.5576636682,Evans Hall,210A
SEVY 203C,'','','','','',26;27;63,38.6666666667,17.2111075246,Severance Hall,203C
HUNT 105,'','','','','',124;354;245;566;384;287;317,325.285714286,125.761354825,Hunt Cottage,105
HUNT 102,'','','','','',53;173;109;292;203;362;237;285;121;199,203.4,89.4742421035,Hunt Cottage,102
HUNT 103,'','','','','',82;61;118,87.0,23.5372045919,Hunt Cottage,103
EVAN 302,'','','','','',282;306;250;307,286.25,23.1988685069,Evans Hall,302
EVAN 301,'','','','','',433;239;500;321;332,365.0,91.3783344125,Evans Hall,301
EVAN 306,'','','','','',309;351;305;449;321;510;370;332;379,369.555555556,65.0403483507,Evans Hall,306
EVAN 305,'','','','','',289;312;319;441;294;537;358;370;410,370.0,76.7217193644,Evans Hall,305
GHUE 122,'','','','','',371;443;419;456,422.25,32.4297317288,Goodhue Hall,122
WATS 419,'','','','','',379;324;322;532;304;598;400;280;484;303,392.6,104.145283139,Watson Hall,419
SEVY 306B,'','','','','',63;126;82,90.3333333333,26.3860232362,Severance Hall,306B
WATS 404,'','','','','',255;217;292;507;222;590;417;253;431;275,345.9,124.349065135,Watson Hall,404
WATS 403,'','','','','',405,405.0,0.0,Watson Hall,403
EVAN 309A,'','','','','',270;318;262;431;289;501;308;300;347,336.222222222,75.1410196864,Evans Hall,309A
WATS 401,'','','','','',242;404;277,307.666666667,69.6004469973,Watson Hall,401
CASS 319,'','','','','',243;330,286.5,43.5,Cassat Hall,319
CASS 316,'','','','','',31,31.0,0.0,Cassat Hall,316
CASS 317,'','','','','',64;108;112;101,96.25,19.0312243432,Cassat Hall,317
CASS 314,'','','','','',270,270.0,0.0,Cassat Hall,314
BURT 225A,'','','','','',91;77;171;173;176;149;191,146.857142857,41.5225534978,Burton Hall,225A
BURT 225B,'','','','','',57;181,119.0,62.0,Burton Hall,225B
ALLE 208,'','','','','',374;406;383;338;411;423;442;359,392.0,32.4576647342,Allen House,208
WATH 102,'','','','','',113;396,254.5,141.5,WATH,102
NASN 100B,'','','','','',1;1;1,1.0,0.0,Nason House,100B
MUSS 306,'','','','','',371;340;508;378;397;442;373;448;450,411.888888889,50.1363572768,Musser Hall,306
SEVY 311,'','','','','',66,66.0,0.0,Severance Hall,311
JAME 203C,'','','','','',43,43.0,0.0,James Hall,203C
CLWL 100B,'','','','','',3;6;5,4.66666666667,1.24721912892,Colwell House,100B
EVAN 409A,'','','','','',205;266;420;271;392;258;325;254,298.875,69.2647773042,Evans Hall,409A
DAVI 204B,'','','','','',66,66.0,0.0,Davis Hall,204B
JAME 303B,'','','','','',25,25.0,0.0,James Hall,303B
JAME 303C,'','','','','',54,54.0,0.0,James Hall,303C
JAME 303A,'','','','','',41,41.0,0.0,James Hall,303A
SEVY 403A,'','','','','',40;46,43.0,3.0,Severance Hall,403A
MUSS 404,'','','','','',312;362;623;465,440.5,118.933805119,Musser Hall,404
MUSS 406,'','','','','',366;336;326;580;440;457;394,414.142857143,81.6025709879,Musser Hall,406
MUSS 408,'','','','','',374,374.0,0.0,Musser Hall,408
GHUE 417,'','','','','',406,406.0,0.0,Goodhue Hall,417
GHUE 410,'','','','','',260;451;305;549;365;396;354,382.857142857,88.4201473024,Goodhue Hall,410
WATH 101,'','','','','',154;416,285.0,131.0,WATH,101
BURT 122A,'','','','','',300,300.0,0.0,Burton Hall,122A
WATS 612,'','','','','',247;239;468;402;479;220;262;312;320,327.666666667,93.5105460481,Watson Hall,612
CASS 113,'','','','','',246;268;249,254.333333333,9.74109279747,Cassat Hall,113
GFRT 203A,'','','','','',19;65,42.0,23.0,GFRT,203A
CHAN 101,'','','','','',286,286.0,0.0,CHAN,101
CHAN 103,'','','','','',353,353.0,0.0,CHAN,103
SEVY 309B,'','','','','',55;41;82;101,69.75,23.2956541011,Severance Hall,309B
CHAN 104,'','','','','',114,114.0,0.0,CHAN,104
GHUE 328,'','','','','',354;349;313;368;620;419;445;425;439,414.666666667,84.5287590771,Goodhue Hall,328
WATH 202,'','','','','',99;462,280.5,181.5,WATH,202
PRSH 313,'','','','','',298;293;340;524,363.75,94.3036982308,Parish House,313
PRSH 311,'','','','','',254,254.0,0.0,Parish House,311
MUSS 417,'','','','','',431;480;457,456.0,20.016659728,Musser Hall,417
PRSH 109,'','','','','',188;279;235;318,255.0,48.5643902464,Parish House,109
BURT 208A,'','','','','',141;144;175;265;163;100;110;206;130;192,162.6,46.8491195221,Burton Hall,208A
MUSS 415,'','','','','',397;265,331.0,66.0,Musser Hall,415
MUSS 419,'','','','','',352;399,375.5,23.5,Musser Hall,419
GHUE 404,'','','','','',237;334,285.5,48.5,Goodhue Hall,404
CASS 402,'','','','','',100;269;200;274,210.75,70.3113611019,Cassat Hall,402
WATS 210,'','','','','',360,360.0,0.0,Watson Hall,210
EVAN 410A,'','','','','',222;212;328;418;264;266;376;341;327;366,312.0,64.8768063332,Evans Hall,410A
CASS 411,'','','','','',328;316;300;331,318.75,12.1937483983,Cassat Hall,411
MYER 337,'','','','','',375;352;254;489;333;552;431;362;232;370,375.0,92.2160506636,Myers Hall,337
GFRT 109,'','','','','',42;59,50.5,8.5,GFRT,109
STAD 201A,'','','','','',106;209;88;134;66;326,154.833333333,88.8902256844,STAD,201A
DAVI 404B,'','','','','',23,23.0,0.0,Davis Hall,404B
HUNT 203,'','','','','',93;187;344;485;247;410;284;319;105;243,271.7,118.562262124,Hunt Cottage,203
WATS 303,'','','','','',422,422.0,0.0,Watson Hall,303
DIXN 100B,'','','','','',22;22;17;14;98,34.6,31.847134879,Dixon House,100B
JAME 401A,'','','','','',54;64,59.0,5.0,James Hall,401A
JAME 401C,'','','','','',67,67.0,0.0,James Hall,401C
STAD 110B,'','','','','',84;38;29;41,48.0,21.2485293609,STAD,110B
CASS 211,'','','','','',280;273;343,298.666666667,31.4783876475,Cassat Hall,211
JAME 101C,'','','','','',61;71,66.0,5.0,James Hall,101C
EUGS 100B,'','','','','',14,14.0,0.0,Eugster House,100B
CASS 216,'','','','','',122,122.0,0.0,Cassat Hall,216
EVAN 207A,'','','','','',274;317;253;437;292;508;302;342;223,327.555555556,85.7219161801,Evans Hall,207A
CLWL 100D,'','','','','',5;6,5.5,0.5,Colwell House,100D
DAVI 204A,'','','','','',36;29;31;70;29;25;49;68,42.125,16.9295414882,Davis Hall,204A
EVAN 011,'','','','','',235;191;449;412;438,345.0,109.334349589,Evans Hall,011
CLWL 100A,'','','','','',4;4;5;3;9,5.0,2.09761769634,Colwell House,100A
MUSS 410,'','','','','',371;595;422;463;395,449.2,79.0453034658,Musser Hall,410
PRSH 103,'','','','','',294;264;267,275.0,13.4907375632,Parish House,103
SEVY 203B,'','','','','',37;52;75,54.6666666667,15.627610893,Severance Hall,203B
EUGS 100C,'','','','','',12;14;30,18.6666666667,8.0553639824,Eugster House,100C
GFRT 202,'','','','','',81;361,221.0,140.0,GFRT,202
GFRT 201,'','','','','',25;71,48.0,23.0,GFRT,201
GFRT 200,'','','','','',247;369,308.0,61.0,GFRT,200
CASS 128,'','','','','',253;271,262.0,9.0,Cassat Hall,128
CASS 127,'','','','','',56;147;98;125,106.5,33.9300751546,Cassat Hall,127
SEVY 307B,'','','','','',59;102;27;133;40;142;79,83.1428571429,41.2637113885,Severance Hall,307B
RICE 201,'','','','','',57,57.0,0.0,Rice House,201
RICE 202,'','','','','',134;372;368;267,285.25,96.9313545763,Rice House,202
EVAN 013,'','','','','',233;125;350;143;542;350;378,303.0,135.934858349,Evans Hall,013
EVAN 015,'','','','','',242;304;541;318;410;359,362.333333333,94.9151668011,Evans Hall,015
MYER 340,'','','','','',220;356;491;344,352.75,95.9462740288,Myers Hall,340
EVAN 407A,'','','','','',209;229;275;429;272;505;281;337;348,320.555555556,90.4484028618,Evans Hall,407A
MYER 343,'','','','','',339;511;349;361;392;396,391.333333333,57.4359546703,Myers Hall,343
MYER 346,'','','','','',372;284;474;313;495,387.6,84.3103789578,Myers Hall,346
PRSH 215,'','','','','',400,400.0,0.0,Parish House,215
BURT 306,'','','','','',104;76;71;64;65;50;119;189;127;90,95.5,39.1950251945,Burton Hall,306
EVAN 307A,'','','','','',276;227;259;439;278;405;310;290;340,313.777777778,65.4111403658,Evans Hall,307A
CASS 321,'','','','','',109;242;186,179.0,54.5221667459,Cassat Hall,321
DAVI 111,'','','','','',69;148,108.5,39.5,Davis Hall,111
JAME 203B,'','','','','',39;48,43.5,4.5,James Hall,203B
NOUR 300,'','','','','',177;170;145;411,225.75,107.613602765,Nourse Hall,300
DAVI 212,'','','','','',192;164;156;261,193.25,41.3362734169,Davis Hall,212
GHUE 117,'','','','','',340;387,363.5,23.5,Goodhue Hall,117
MYER 238,'','','','','',386;335;515;319;521,415.2,86.8248812265,Myers Hall,238
GHUE 112,'','','','','',339;373;500;359;585,431.2,95.3821786289,Goodhue Hall,112
MYER 234,'','','','','',273;412,342.5,69.5,Myers Hall,234
EVAN 101,'','','','','',187;120;170;561;363;582;208;442;419,339.111111111,164.216959771,Evans Hall,101
GHUE 118,'','','','','',325;391;321;351;629,403.4,115.525927826,Goodhue Hall,118
HUNT 110,'','','','','',173;52;212;88;83;170;179;111;116,131.555555556,50.7348469137,Hunt Cottage,110
CASS 208,'','','','','',78;88;96;93,88.75,6.83282518436,Cassat Hall,208
DAVI 409,'','','','','',183;249;230;304;301;231,249.666666667,42.362194886,Davis Hall,409
JAME 202D,'','','','','',23,23.0,0.0,James Hall,202D
JAME 202A,'','','','','',35;38,36.5,1.5,James Hall,202A
WATH 203,'','','','','',176;442,309.0,133.0,WATH,203
WILS 101,'','','','','',24;38;56;34;54;126;87;155;85,73.2222222222,41.7260317835,Wilson House,101
GHUE 209,'','','','','',317;565;430;424;367;464,427.833333333,77.5959978922,Goodhue Hall,209
DAVI 122,'','','','','',216;122;93,143.666666667,52.4997354491,Davis Hall,122
CASS 305,'','','','','',228;315;269;225,259.25,36.5812451948,Cassat Hall,305
CASS 307,'','','','','',285,285.0,0.0,Cassat Hall,307
SEVY 207A,'','','','','',44;81,62.5,18.5,Severance Hall,207A
GHUE 206,'','','','','',303;357,330.0,27.0,Goodhue Hall,206
OWNS 200B,'','','','','',8;14;13,11.6666666667,2.62466929134,Owens House,200B
OWNS 200C,'','','','','',13;8;7;8;21,11.4,5.23832034148,Owens House,200C
EUGS 200C,'','','','','',6,6.0,0.0,Eugster House,200C
EUGS 200B,'','','','','',20;19,19.5,0.5,Eugster House,200B
EUGS 200A,'','','','','',14;11;9;10;8;5;8,9.28571428571,2.60298102261,Eugster House,200A
EVAN 202,'','','','','',256;198,227.0,29.0,Evans Hall,202
EVAN 203,'','','','','',317;299;348;509;328;540;373;338;377,381.0,80.4929258451,Evans Hall,203
EVAN 201,'','','','','',271;309;415;504;134;299;338,324.285714286,107.328220608,Evans Hall,201
EVAN 206,'','','','','',306;321;357;496;320;514;159;288;400,351.222222222,102.604719166,Evans Hall,206
EVAN 205,'','','','','',199;222;317;280;300;517;363;347;461,334.0,97.6148895746,Evans Hall,205
CASS 429,'','','','','',103;113,108.0,5.0,Cassat Hall,429
CASS 420,'','','','','',322;317;286;298,305.75,14.4978446674,Cassat Hall,420
BURT 414B,'','','','','',150;190,170.0,20.0,Burton Hall,414B
WATS 503,'','','','','',442,442.0,0.0,Watson Hall,503
FACL 205,'','','','','',305;382;533;240;459;346,377.5,96.607021829,Faculty Club,205
HNTH 100A,'','','','','',2,2.0,0.0,Huntington House,100A
HNTH 100B,'','','','','',3;2;5;2;3;3;7,3.57142857143,1.67819144635,Huntington House,100B
HNTH 100D,'','','','','',5;2,3.5,1.5,Huntington House,100D
FACX 200D,'','','','','',76,76.0,0.0,FACX,200D
FACX 200A,'','','','','',26;55,40.5,14.5,FACX,200A
COLR 200B,'','','','','',9;8;7;7;15;25,11.8333333333,6.49144736472,Collier House,200B
COLR 200A,'','','','','',14;13;8,11.6666666667,2.62466929134,Collier House,200A
FACX 200B,'','','','','',26,26.0,0.0,FACX,200B
DAVI 414,'','','','','',262;307;308,292.333333333,21.4527905463,Davis Hall,414
EVAN 116A,'','','','','',308;228;347;452;322;512;342;357;363,359.0,77.2024754928,Evans Hall,116A
EVAN 114,'','','','','',394;253;168;234;516;402,327.833333333,119.1895083,Evans Hall,114
EVAN 115,'','','','','',231;195;308;314;377;329;352;355,307.625,59.2451211071,Evans Hall,115
EVAN 112,'','','','','',313;150;236;311;255;608;429;336;445,342.555555556,127.557491275,Evans Hall,112
EVAN 113,'','','','','',347;224;190;181;181;556;434;261;325,299.888888889,122.040470923,Evans Hall,113
EVAN 110,'','','','','',304;148;245;310;244;588;425;384;436,342.666666667,123.43149247,Evans Hall,110
GHUE 113,'','','','','',333;374;324;562;355;627;438;427;413,428.111111111,97.7348390567,Goodhue Hall,113
WATS 310,'','','','','',369,369.0,0.0,Watson Hall,310
SEVY 303A,'','','','','',34;29,31.5,2.5,Severance Hall,303A
SEVY 303B,'','','','','',67;25,46.0,21.0,Severance Hall,303B
SEVY 303C,'','','','','',40;31;61;84;63,55.8,18.6483243215,Severance Hall,303C
SEVY 210A,'','','','','',44;59;38;77;106;94,69.6666666667,24.9710944004,Severance Hall,210A
MUSS 206,'','','','','',269;333;401;436;468,381.4,71.8904722477,Musser Hall,206
MUSS 202,'','','','','',363;463,413.0,50.0,Musser Hall,202
MUSS 203,'','','','','',420;470;447,445.666666667,20.4341761653,Musser Hall,203
MUSS 413,'','','','','',391;380;621,464.0,111.106555462,Musser Hall,413
BRKS 100A,'','','','','',61;25;20;20;21;69,36.0,20.704266871,Brooks,100A
GHUE 407,'','','','','',362;380;518;330;558,429.6,90.8308317698,Goodhue Hall,407
BURT 419,'','','','','',202;111;405;230;355;314;354;376,293.375,95.4017000635,Burton Hall,419
HUNT 205,'','','','','',49;190;215;443;214;394;318;340;207;262,263.2,108.388929324,Hunt Cottage,205
HUNT 204,'','','','','',88;216;141;492;175;465;379;359;133;273,272.1,136.949224167,Hunt Cottage,204
DAVI 404C,'','','','','',72;119,95.5,23.5,Davis Hall,404C
SCOT 300C,'','','','','',10;9;19;18,14.0,4.52769256907,Scott House,300C
HUNT 202,'','','','','',62;73;55;266;48;140;162;117;151,119.333333333,66.1882836225,Hunt Cottage,202
HUNT 208,'','','','','',236;379;297;299;330;235;271,292.428571429,47.6770599011,Hunt Cottage,208
GHUE 230,'','','','','',356;392,374.0,18.0,Goodhue Hall,230
MYER 411,'','','','','',212;257;442;492;382;188;366,334.142857143,108.288541237,Myers Hall,411
SEVY 203A,'','','','','',58;31;21;55,41.25,15.6903632845,Severance Hall,203A
MYER 413,'','','','','',128;252,190.0,62.0,Myers Hall,413
GHUE 239,'','','','','',324;377;397,366.0,30.8004328974,Goodhue Hall,239
SEVY 409B,'','','','','',37;107;68;132;47;68;121;73;76,81.0,30.5432298372,Severance Hall,409B
SEVY 409A,'','','','','',66,66.0,0.0,Severance Hall,409A
NOUR 012,'','','','','',139;153;196;95;127;171;163;119;137;163,146.3,27.5174490097,Nourse Hall,012
WILM 206,'','','','','',175,175.0,0.0,WILM,206
STAD 202B,'','','','','',138;120,129.0,9.0,STAD,202B
GHUE 128,'','','','','',349;402;334;626;444;451,434.333333333,96.1780755797,Goodhue Hall,128
SEVY 210B,'','','','','',79;114;70;84,86.75,16.5132522539,Severance Hall,210B
GHUE 243,'','','','','',316;378;372;618;409;410;430;433,420.75,82.5935076141,Goodhue Hall,243
GHUE 125,'','','','','',229;179,204.0,25.0,Goodhue Hall,125
MYER 306,'','','','','',293;301;479;332;573,395.6,111.307861358,Myers Hall,306
SCOT 300A,'','','','','',16;20;16;6;10,13.6,4.9638694584,Scott House,300A
SCOT 300B,'','','','','',6,6.0,0.0,Scott House,300B
NOUR 017,'','','','','',170;223;134;287;119;269;326;145;208;174,205.5,66.343424693,Nourse Hall,017
NOUR 016,'','','','','',141;105;253;108;268;269;151;229;204,192.0,63.1101330128,Nourse Hall,016
NOUR 015,'','','','','',135;127;189;227;92;249;169;125;152;176,164.1,45.8769005056,Nourse Hall,015
NOUR 014,'','','','','',80;201;195;345;118;150;225;136;233;183,186.6,69.9845697279,Nourse Hall,014
NOUR 013,'','','','','',158;219;325;319;296;275;351;405;339;325,301.2,66.4150585334,Nourse Hall,013
EVAN 104A,'','','','','',232;207;295;332;270;526;309;365,317.0,92.3931815666,Evans Hall,104A
EUGS 400A,'','','','','',7;15;13,11.6666666667,3.3993463424,Eugster House,400A
BURT 124,'','','','','',172;131;158;104;195;236,166.0,42.6419199067,Burton Hall,124
EUGS 400B,'','','','','',6;16;10;9;13,10.8,3.4292856399,Eugster House,400B
GHUE 339,'','','','','',355;397;315;530;622;392;379;411;419,424.444444444,88.8520757103,Goodhue Hall,339
MUSS 409,'','','','','',337;405;499;385,406.5,58.8451357378,Musser Hall,409
GHUE 335,'','','','','',357;601;426;428;444,451.2,80.670688605,Goodhue Hall,335
JAME 302A,'','','','','',34,34.0,0.0,James Hall,302A
WATS 316,'','','','','',178;147;227;282;296;360;294;259;390,270.333333333,74.130515534,Watson Hall,316
WATS 315,'','','','','',133;175;377;355;223;398;381;211;232,276.111111111,95.4351955162,Watson Hall,315
WATH 103,'','','','','',369;541,455.0,86.0,WATH,103
WILS 202,'','','','','',96;43;106;146;73;208;133;105;247;105,126.2,58.0461885054,Wilson House,202
EUGS 400C,'','','','','',13;23,18.0,5.0,Eugster House,400C
BURT 224,'','','','','',36;64;99;99,74.5,26.4244205234,Burton Hall,224
CASS 108,'','','','','',98;109;62;150,104.75,31.379730719,Cassat Hall,108
JAME 205B,'','','','','',23;10,16.5,6.5,James Hall,205B
JAME 305A,'','','','','',50,50.0,0.0,James Hall,305A
JAME 305B,'','','','','',30,30.0,0.0,James Hall,305B
JAME 305C,'','','','','',35,35.0,0.0,James Hall,305C
FACL 102,'','','','','',130;130;268;336;257;312;158;266;455;337,264.9,98.2379254667,Faculty Club,102
DIXN 200B,'','','','','',27;18;33,26.0,6.16441400297,Dixon House,200B
BURT 310,'','','','','',116;100;216;74;118,124.8,48.242719658,Burton Hall,310
BURT 315,'','','','','',315,315.0,0.0,Burton Hall,315
SEVY 214A,'','','','','',51;84;82;91,77.0,15.3785564992,Severance Hall,214A
BURT 317,'','','','','',102;77;40;200;84;64;127;134;141;127,109.6,43.6559274326,Burton Hall,317
GHUE 428,'','','','','',559;422;435;453;455,464.8,48.6390789386,Goodhue Hall,428
DIXN 200A,'','','','','',11;27;13;23;17;2,15.5,8.15986110993,Dixon House,200A
JAME 404B,'','','','','',30,30.0,0.0,James Hall,404B
JAME 404C,'','','','','',78,78.0,0.0,James Hall,404C
JAME 404A,'','','','','',93;71,82.0,11.0,James Hall,404A
BURT 325A,'','','','','',157;107;168;183,153.75,28.52520815,Burton Hall,325A
PAGW 200B,'','','','','',25;20;19,21.3333333333,2.62466929134,Page House West,200B
JAME 302D,'','','','','',33;39,36.0,3.0,James Hall,302D
PRSH 119,'','','','','',60,60.0,0.0,Parish House,119
DAVI 222,'','','','','',366;121,243.5,122.5,Davis Hall,222
DAVI 221,'','','','','',48,48.0,0.0,Davis Hall,221
GHUE 302,'','','','','',219;305;204;363;147;272;306;389;311,279.555555556,73.2425363829,Goodhue Hall,302
EVAN 311A,'','','','','',226;334;248;382;275;489;261;210;108,281.444444444,103.167728709,Evans Hall,311A
GHUE 304,'','','','','',329;135;210;395;246,263.0,90.8427212274,Goodhue Hall,304
GHUE 305,'','','','','',332;316;395;397,360.0,36.4485939372,Goodhue Hall,305
GHUE 308,'','','','','',382;274;291;461;151;403;198;166;202,280.888888889,105.876704441,Goodhue Hall,308
STAD 110A,'','','','','',88;78,83.0,5.0,STAD,110A
MYER 334,'','','','','',117;463;399;160;164,260.6,141.557903347,Myers Hall,334
JAME 102C,'','','','','',83,83.0,0.0,James Hall,102C
JAME 102A,'','','','','',60;65;70,65.0,4.08248290464,James Hall,102A
DAVI 121,'','','','','',130;144,137.0,7.0,Davis Hall,121
NOUR 200,'','','','','',162;166;162;398,222.0,101.626768127,Nourse Hall,200
CLAD 100A,'','','','','',35;24;2;26;27;35;58;36;67,34.4444444444,17.9697963329,Clader House,100A
CLAD 100B,'','','','','',24,24.0,0.0,Clader House,100B
SCOT 100B,'','','','','',56;17;12;17;24,25.2,15.8669467762,Scott House,100B
SCOT 100A,'','','','','',13;17;18;12;5,13.0,4.60434577329,Scott House,100A
WATH 201,'','','','','',518,518.0,0.0,WATH,201
EVAN 412A,'','','','','',168;206;282;403;254;383;235;303;212,271.777777778,75.2828411581,Evans Hall,412A
WATS 212,'','','','','',203;353;364;423;292;385;314;246,322.5,68.7331797606,Watson Hall,212
WATS 519,'','','','','',346;282;355;505;131;611;396;320,368.25,134.686441411,Watson Hall,519
STAD 202A,'','','','','',27;165;161;33,96.5,66.5488542351,STAD,202A
MUSS 325,'','','','','',398;345;543;628;439;430;462;446,461.375,81.9358552467,Musser Hall,325
DIXN 200C,'','','','','',7,7.0,0.0,Dixon House,200C
MUSS 321,'','','','','',250;347;373,323.333333333,52.9297227988,Musser Hall,321
FACL 201,'','','','','',217;473;199;603;343;386;134;295,331.25,144.845391711,Faculty Club,201
EVAN 212A,'','','','','',261;295;247;308;273;494;202;166;284,281.111111111,86.5312332108,Evans Hall,212A
SEVY 209A,'','','','','',58;102;69;99;98,85.2,18.1041431722,Severance Hall,209A
JAME 004A,'','','','','',34;27,30.5,3.5,James Hall,004A
JAME 004D,'','','','','',43,43.0,0.0,James Hall,004D
EVAN 103,'','','','','',144;133;183;423;197;314;209;378;297,253.111111111,97.9993701164,Evans Hall,103
EVAN 102,'','','','','',374,374.0,0.0,Evans Hall,102
EVAN 105,'','','','','',246;104;202;79;259;378;331;263;397,251.0,104.175066328,Evans Hall,105
EVAN 107,'','','','','',221;111;221;139;380;332;377;401,272.75,107.084954592,Evans Hall,107
JAME 402B,'','','','','',47;40,43.5,3.5,James Hall,402B
JAME 301B,'','','','','',29;57,43.0,14.0,James Hall,301B
JAME 201A,'','','','','',50;48;56,51.3333333333,3.3993463424,James Hall,201A
PREN 201,'','','','','',203,203.0,0.0,PREN,201
MUSS 219,'','','','','',280;360,320.0,40.0,Musser Hall,219
CHAN 203,'','','','','',30,30.0,0.0,CHAN,203
MUSS 213,'','','','','',348;264;535;372;441;469,404.833333333,88.0443385775,Musser Hall,213
EUGS 100A,'','','','','',11;17;18;16;11;30,17.1666666667,6.361778228,Eugster House,100A
BURT 210,'','','','','',114;69;68;85,84.0,18.5876302954,Burton Hall,210
MUSS 217,'','','','','',471;458,464.5,6.5,Musser Hall,217
HNTH 200C,'','','','','',4;3,3.5,0.5,Huntington House,200C
HNTH 200B,'','','','','',2;3;2;4;4,3.0,0.894427191,Huntington House,200B
HNTH 200D,'','','','','',3,3.0,0.0,Huntington House,200D
BURT 402,'','','','','',201;108;121;164;107;223;112;231;220;175,166.2,48.4619438322,Burton Hall,402
BURT 407,'','','','','',221,221.0,0.0,Burton Hall,407
GHUE 430,'','','','','',327;390,358.5,31.5,Goodhue Hall,430
WATS 601,'','','','','',354,354.0,0.0,Watson Hall,601
WATS 603,'','','','','',409,409.0,0.0,Watson Hall,603
GHUE 435,'','','','','',365;386;341;560,413.0,86.3510277877,Goodhue Hall,435
DOWH 100A,'','','','','',21;23;28;16;16,20.8,4.5343136195,Dow House,100A
DOWH 100B,'','','','','',17;25;54;31;32,31.8,12.3190908755,Dow House,100B
CHAN 205,'','','','','',258,258.0,0.0,CHAN,205
COLR 100B,'','','','','',21;43,32.0,11.0,Collier House,100B
BURT 308B,'','','','','',141,141.0,0.0,Burton Hall,308B
MYER 402,'','','','','',206;194;459;165;499,304.6,143.577992743,Myers Hall,402
PAGE 200C,'','','','','',15;7;24;15;3,12.8,7.27736215946,Page House,200C
EVAN 401,'','','','','',257;283;276;327;496;317;322;337,326.875,69.1220614204,Evans Hall,401
BURT 322,'','','','','',205;117;204;354,220.0,85.2144353968,Burton Hall,322
BURT 324,'','','','','',116;158,137.0,21.0,Burton Hall,324
SCOT 200C,'','','','','',6;4,5.0,1.0,Scott House,200C
SEVY 312A,'','','','','',140;60;152;97;77;86;132;87,103.875,31.0460846968,Severance Hall,312A
BURT 121B,'','','','','',341;185,263.0,78.0,Burton Hall,121B
GHUE 139,'','','','','',369;567;432;440;459,453.4,64.3384799323,Goodhue Hall,139
NOUR 315,'','','','','',62;95,78.5,16.5,Nourse Hall,315
GHUE 137,'','','','','',369;394;376;625;433;449;462,444.0,81.0467237374,Goodhue Hall,137
JAME 405A,'','','','','',32,32.0,0.0,James Hall,405A
MYER 311,'','','','','',322;346;155;306;519;337;383,338.285714286,99.7277927815,Myers Hall,311
PRSH 104B,'','','','','',313;265,289.0,24.0,Parish House,104B
JAME 405C,'','','','','',39,39.0,0.0,James Hall,405C
NOUR 418,'','','','','',129;154;139;457;140;436;336;235;173;235,243.4,117.924721751,Nourse Hall,418
NOUR 312,'','','','','',195;155;171;445,241.5,118.350116181,Nourse Hall,312
CASS 329,'','','','','',24,24.0,0.0,Cassat Hall,329
JAME 204A,'','','','','',52;53,52.5,0.5,James Hall,204A
JAME 204B,'','','','','',58,58.0,0.0,James Hall,204B
JAME 204C,'','','','','',65,65.0,0.0,James Hall,204C
EVAN 408A,'','','','','',291;288;277;375;281;503;321;208;362,322.888888889,78.8690115803,Evans Hall,408A
GHUE 345,'','','','','',353;366;358;396;615;405;447;439;454,425.888888889,76.0181914551,Goodhue Hall,345
FACX 200C,'','','','','',144;88;67;41,85.0,37.9143772203,FACX,200C
CASS 320,'','','','','',345;302;257,301.333333333,35.9289422178,Cassat Hall,320
DAVI 115,'','','','','',54;89;246;190;340;256;176;424,221.875,114.843847789,Davis Hall,115
JAME 302C,'','','','','',35,35.0,0.0,James Hall,302C
OWNS 300A,'','','','','',12;11;6;11;18,11.6,3.82622529394,Owens House,300A
OWNS 300C,'','','','','',5,5.0,0.0,Owens House,300C
OWNS 300B,'','','','','',10;12;10;14,11.5,1.65831239518,Owens House,300B
DAVI 206,'','','','','',228,228.0,0.0,Davis Hall,206
MUSS 215,'','','','','',181,181.0,0.0,Musser Hall,215
MUSS 214,'','','','','',200;252;228,226.666666667,21.2498366007,Musser Hall,214
DAVI 208,'','','','','',130,130.0,0.0,Davis Hall,208
JAME 403A,'','','','','',77,77.0,0.0,James Hall,403A
HNTH 200A,'','','','','',6;4,5.0,1.0,Huntington House,200A
DAVI 304B,'','','','','',69,69.0,0.0,Davis Hall,304B
DAVI 304C,'','','','','',73,73.0,0.0,Davis Hall,304C
EVAN 211A,'','','','','',198;319;179;412;233;488;193;161;95,253.111111111,120.55007668,Evans Hall,211A
MUSS 318,'','','','','',392;339;550;388;600;433;414;448,445.5,81.7435012707,Musser Hall,318
MUSS 319,'','','','','',384;609;437;434;464;443,461.833333333,70.0795183266,Musser Hall,319
EVAN 312A,'','','','','',263;297;169;421;274;262;303;264;273,280.666666667,61.4365074239,Evans Hall,312A
MUSS 314,'','','','','',219;257,238.0,19.0,Musser Hall,314
MUSS 315,'','','','','',218;277;424;271,297.5,76.558800931,Musser Hall,315
BRKS 200B,'','','','','',15;18;18;19;19;14;22;18;32;58,23.3,12.4823875921,Brooks,200B
DAVI 314C,'','','','','',54;56,55.0,1.0,Davis Hall,314C
DAVI 314B,'','','','','',32,32.0,0.0,Davis Hall,314B
JAME 103C,'','','','','',42;41;52,45.0,4.96655480858,James Hall,103C
DAVI 215,'','','','','',193;208;323;157;357;278;180;90;201,220.777777778,79.1900355373,Davis Hall,215
CHAN 202,'','','','','',242,242.0,0.0,CHAN,202
CHAN 201,'','','','','',122,122.0,0.0,CHAN,201
MUSS 210,'','','','','',302;403;502;339;477,404.6,76.8910918117,Musser Hall,210
COLR 100A,'','','','','',20;23;22;22;22;40;33;38,27.5,7.61577310586,Collier House,100A
STAD 203A,'','','','','',63;94;54;127;39;133,85.0,35.8468966579,STAD,203A
MUSS 222,'','','','','',344;385;379;562;413;474,426.166666667,72.5520885678,Musser Hall,222
BURT 230A,'','','','','',435,435.0,0.0,Burton Hall,230A
MUSS 228,'','','','','',342;138;142;252;207;129;372;296,234.75,89.655939569,Musser Hall,228
CASS 414,'','','','','',252;304;341;341,309.5,36.4725924497,Cassat Hall,414
FACL 012B,'','','','','',286;35;200,173.666666667,104.148398398,Faculty Club,012B
MYER 213,'','','','','',120;194;433,249.0,133.56895847,Myers Hall,213
STAD 204A,'','','','','',147;90;51;96;103;51,89.6666666667,32.9022120161,STAD,204A
WATS 501,'','','','','',389;252;356,332.333333333,58.3799813483,Watson Hall,501
CASS 109,'','','','','',249;276,262.5,13.5,Cassat Hall,109
